[
  {
    "id": "2",
    "nombre": "CARNES SAN MARTIN SAN RAFAEL",
    "ciudad": "SAN RAFAEL DE HEREDIA",
    "lat": 10.01310191,
    "lon": -84.09848401,
    "direccion": "SAN RAFAEL DE HEREDIA",
    "telefono": "2234-5678",
    "estado": "activo",
    "fecha_apertura": "2024-01-01",
    "fecha_cierre": null,
    "responsable": "Administrador Local",
    "zona_cobertura": "Heredia Centro"
  },
  {
    "id": "3",
    "nombre": "CARNES SAN MARTIN DESAMPARADOS",
    "ciudad": "DESAMPARADOS",
    "lat": 9.89992377,
    "lon": -84.06821737,
    "direccion": "DESAMPARADOS",
    "telefono": "2278-9012",
    "estado": "activo",
    "fecha_apertura": "2024-01-01",
    "fecha_cierre": null,
    "responsable": "Administrador Local",
    "zona_cobertura": "Desamparados"
  },
  {
    "id": "8",
    "nombre": "CARNES SAN MARTIN ALAJUELA",
    "ciudad": "ALAJUELA",
    "lat": 10.01353662,
    "lon": -84.20878235,
    "direccion": "ALAJUELA",
    "telefono": "2441-3456",
    "estado": "activo",
    "fecha_apertura": "2024-01-01",
    "fecha_cierre": null,
    "responsable": "Administrador Local",
    "zona_cobertura": "Alajuela Centro"
  },
  {
    "id": "13",
    "nombre": "CARNES SAN MARTIN SAN RAMON",
    "ciudad": "SAN RAMON",
    "lat": 10.09077578,
    "lon": -84.47463665,
    "direccion": "SAN RAMON",
    "telefono": "2445-6789",
    "estado": "activo",
    "fecha_apertura": "2024-01-01",
    "fecha_cierre": null,
    "responsable": "Administrador Local",
    "zona_cobertura": "San Ramón"
  },
  {
    "id": "14",
    "nombre": "CARNES SAN MARTIN PALMARES",
    "ciudad": "PALMARES",
    "lat": 10.05843333,
    "lon": -84.43372121,
    "direccion": "PALMARES",
    "telefono": "2453-1234",
    "estado": "activo",
    "fecha_apertura": "2024-01-01",
    "fecha_cierre": null,
    "responsable": "Administrador Local",
    "zona_cobertura": "Palmares"
  },
  {
    "id": "15",
    "nombre": "CARNES SAN MARTIN ZAPOTE",
    "ciudad": "ZAPOTE",
    "lat": 9.91998020,
    "lon": -84.05190844,
    "direccion": "ZAPOTE",
    "telefono": "2234-8765",
    "estado": "activo",
    "fecha_apertura": "2024-01-01",
    "fecha_cierre": null,
    "responsable": "Administrador Local",
    "zona_cobertura": "San José Este"
  },
  {
    "id": "16",
    "nombre": "CARNES SAN MARTIN TIBAS",
    "ciudad": "TIBAS",
    "lat": 9.96215221,
    "lon": -84.06981294,
    "direccion": "TIBAS FRENTE A FERRETERIA MAFLOR",
    "telefono": "2236-5432",
    "estado": "activo",
    "fecha_apertura": "2024-01-01",
    "fecha_cierre": null,
    "responsable": "Administrador Local",
    "zona_cobertura": "Tibas"
  },
  {
    "id": "17",
    "nombre": "CARNES SAN MARTIN GUADALUPE",
    "ciudad": "GUADALUPE",
    "lat": 9.95050651,
    "lon": -84.04824652,
    "direccion": "GUADALUPE",
    "telefono": "2234-1122",
    "estado": "activo",
    "fecha_apertura": "2024-01-01",
    "fecha_cierre": null,
    "responsable": "Administrador Local",
    "zona_cobertura": "Guadalupe"
  },
  {
    "id": "25",
    "nombre": "CARNES SAN MARTIN ROHRMOSER",
    "ciudad": "ROHRMOSER",
    "lat": 9.94438555,
    "lon": -84.11678938,
    "direccion": "ROHRMOSER",
    "telefono": "2232-3344",
    "estado": "activo",
    "fecha_apertura": "2024-01-01",
    "fecha_cierre": null,
    "responsable": "Administrador Local",
    "zona_cobertura": "Rohrmoser"
  },
  {
    "id": "30",
    "nombre": "CARNES SAN MARTIN CARTAGO ARBOLEDA",
    "ciudad": "CARTAGO",
    "lat": 9.86252574,
    "lon": -83.93305301,
    "direccion": "CARTAGO",
    "telefono": "2551-5566",
    "estado": "activo",
    "fecha_apertura": "2024-01-01",
    "fecha_cierre": null,
    "responsable": "Administrador Local",
    "zona_cobertura": "Cartago Centro"
  },
  {
    "id": "31",
    "nombre": "SEDI CARNES SAN MARTIN",
    "ciudad": "HEREDIA",
    "lat": 9.98386770,
    "lon": -84.14008450,
    "direccion": "HEREDIA",
    "telefono": "2260-7788",
    "estado": "activo",
    "fecha_apertura": "2024-01-01",
    "fecha_cierre": null,
    "responsable": "Gerente Regional",
    "zona_cobertura": "Todo el País"
  },
  {
    "id": "32",
    "nombre": "CARNES SAN MARTIN CARTAGO TARAS",
    "ciudad": "CARTAGO",
    "lat": 9.87970891,
    "lon": -83.91766578,
    "direccion": "TARAS CARTAGO",
    "telefono": "2552-8899",
    "estado": "activo",
    "fecha_apertura": "2024-01-01",
    "fecha_cierre": null,
    "responsable": "Administrador Local",
    "zona_cobertura": "Cartago Este"
  },
  {
    "id": "33",
    "nombre": "CENTRO DISTRIBUCION CARNES SAN MARTIN",
    "ciudad": "HEREDIA",
    "lat": 9.98384320,
    "lon": -84.14008060,
    "direccion": "BARREAL DE HEREDIA",
    "telefono": "2260-9900",
    "estado": "activo",
    "fecha_apertura": "2024-01-01",
    "fecha_cierre": null,
    "responsable": "Director Logística",
    "zona_cobertura": "Distribución Nacional"
  },
  {
    "id": "42",
    "nombre": "CARNES SAN MARTIN SANTA ANA",
    "ciudad": "SANTA ANA",
    "lat": 9.93515742,
    "lon": -84.18849632,
    "direccion": "SANTA ANA",
    "telefono": "2282-0011",
    "estado": "activo",
    "fecha_apertura": "2024-01-01",
    "fecha_cierre": null,
    "responsable": "Administrador Local",
    "zona_cobertura": "Santa Ana"
  },

  {
    "id": "42",
    "nombre": "CARNES SAN MARTIN JACO",
    "ciudad": "PUNTARENAS",
    "lat": 9.614588,
    "lon": -84.626152,
    "direccion": "JACO",
    "telefono": "2282-0011",
    "estado": "planeado",
    "fecha_apertura": "2026-01-01",
    "fecha_cierre": null,
    "responsable": "Administrador Local",
    "zona_cobertura": "Jaco"
  }
]